<aiml version="1.0">

<!-- This category works with the Emily Brain AIML Set -->
<category>
<pattern>LOAD AIML B</pattern>
<template>

<!-- Load Emily Brain AIML set -->
<learn>aiml/Emily Brain/std-botmaster.aiml</learn>
<learn>aiml/Emily Brain/std-brain-emily.aiml</learn>
<learn>aiml/Emily Brain/std-calendar.aiml</learn>
<learn>aiml/Emily Brain/std-connect-emily.aiml</learn>
<learn>aiml/Emily Brain/std-dictionary.aiml</learn>
<learn>aiml/Emily Brain/std-disconnect.aiml</learn>
<learn>aiml/Emily Brain/std-errors.aiml</learn>
<learn>aiml/Emily Brain/std-geography.aiml</learn>
<learn>aiml/Emily Brain/std-german.aiml</learn>
<learn>aiml/Emily Brain/std-gossip.aiml</learn>
<learn>aiml/Emily Brain/std-hello.aiml</learn>
<learn>aiml/Emily Brain/std-inventions.aiml</learn>
<learn>aiml/Emily Brain/std-jokes-emily.aiml</learn>
<learn>aiml/Emily Brain/std-knowledge.aiml</learn>
<learn>aiml/Emily Brain/std-login.aiml</learn>
<learn>aiml/Emily Brain/std-optional-emily.aiml</learn>
<learn>aiml/Emily Brain/std-politics.aiml</learn>
<learn>aiml/Emily Brain/std-scripts.aiml</learn>
<learn>aiml/Emily Brain/std-sextalk.aiml</learn>
<learn>aiml/Emily Brain/std-sports.aiml</learn>
<learn>aiml/Emily Brain/std-translation.aiml</learn>

<!-- Load additional AIML set -->
<learn>aiml/additional/computer.aiml</learn>

</template>
</category>

</aiml>